added_governance_metric,roc_auc,delta_roc_auc,average_precision,delta_average_precision,f1,delta_f1,balanced_accuracy,delta_balanced_accuracy,mcc,delta_mcc,formula,p_value,delta_mean_abs_error,evidence_interpretation
panel_decision_usability_index_0_1,0.9623966942148761,0.005991735537190124,0.8907506011241988,0.013366953274027038,0.810126582278481,0.015254787406686177,0.8710743801652893,0.012500000000000067,0.7485165863881993,0.018743943569229926,0.35×governance alignment + 0.35×risk signal completeness + 0.30×temporal support.,0.02976728938737874,-0.006820772021016747,adds small positive predictive value
panel_decision_usability_score_1_5,0.9623966942148761,0.005991735537190124,0.8907506011241988,0.013366953274027038,0.810126582278481,0.015254787406686177,0.8710743801652893,0.012500000000000067,0.7485165863881993,0.018743943569229926,1 + 4×panel_decision_usability_index_0_1.,0.02976728938737874,-0.006820772021016719,adds small positive predictive value
panel_temporal_support_index_0_1,0.9615702479338843,0.005165289256198413,0.8898004452792672,0.012416797429095405,0.810126582278481,0.015254787406686177,0.8710743801652893,0.012500000000000067,0.7485165863881993,0.018743943569229926,,0.5693429376509354,-9.649797530514315e-05,adds small positive predictive value
panel_governance_alignment_index_0_1,0.9601239669421486,0.0037190082644626976,0.8882246200333446,0.010840972183172815,0.810126582278481,0.015254787406686177,0.8710743801652893,0.012500000000000067,0.7485165863881993,0.018743943569229926,0.35×traceability index + 0.35×interpretability index + 0.30×audit-readiness index.,0.027354659400850686,-0.007042136208325889,adds small positive predictive value
panel_interpretability_index_0_1,0.959504132231405,0.0030991735537190257,0.8902442270250148,0.012860579174843068,0.7792207792207793,-0.015651015651015565,0.8460743801652892,-0.012499999999999956,0.7109031221985015,-0.018869520620467872,0.25×core-indicator flag + 0.25×known-category flag + 0.25×known-indicator flag + 0.25×nonmissing feature coverage.,0.8868785344531285,-0.001201368981760459,adds small positive predictive value
panel_interpretability_score_1_5,0.959504132231405,0.0030991735537190257,0.8902442270250148,0.012860579174843068,0.7792207792207793,-0.015651015651015565,0.8460743801652892,-0.012499999999999956,0.7109031221985015,-0.018869520620467872,1 + 4×panel_interpretability_index_0_1.,0.8868785344531285,-0.001201368981760459,adds small positive predictive value
panel_risk_signal_completeness_0_1,0.9580578512396695,0.0016528925619835322,0.8850522520836752,0.007668604233503462,0.7792207792207793,-0.015651015651015565,0.8460743801652892,-0.012499999999999956,0.7109031221985015,-0.018869520620467872,,0.2707556440972766,0.000539241071008778,adds small positive predictive value
panel_traceability_index_0_1,0.9566115702479339,0.00020661157024792765,0.8761935434029418,-0.0011901044472300004,0.7948717948717948,0.0,0.8585743801652892,0.0,0.7297726428189694,0.0,0.35×normalized source-file count + 0.35×normalized source-sheet count + 0.30×normalized value count.,0.29719522984478,-0.0026754109517791447,adds small positive predictive value
panel_audit_readiness_index_0_1,0.956404958677686,1.1102230246251565e-16,0.8786959454760828,0.0013122976259110075,0.7948717948717948,0.0,0.8585743801652892,0.0,0.7297726428189694,0.0,,0.010458210393978297,0.0023126544159451645,adds small positive predictive value
